{
  "terrains": [
    {
      "transform": {
        "position": [
          0.0,
          -0.05,
          0.0
        ],
        "rotation": [
          0.0,
          0.0,
          0.0
        ],
        "localScale": [
          1.0,
          1.0,
          1.0
        ]
      },
      "terrain_size": [
        30.0,
        600.0,
        30.0
      ]
    }
  ],
  "goals": [
    {
      "position": [
        25.1902981,
        0.5,
        11.5974293
      ]
    },
    {
      "position": [
        24.4470253,
        0.5,
        17.7219276
      ]
    }
  ],
  "obstacles": [
    {
      "transform": {
        "position": [
          7.31,
          0.0,
          0.85
        ],
        "rotation": [
          0.0,
          0.0,
          0.0
        ],
        "localScale": [
          5.0,
          1.0,
          1.0
        ]
      },
      "point_list": [
        [
          4.81,
          0.350000024,
          0.0
        ],
        [
          4.81,
          1.35,
          0.0
        ],
        [
          9.809999,
          1.35,
          0.0
        ],
        [
          9.809999,
          0.350000024,
          0.0
        ]
      ]
    },
    {
      "transform": {
        "position": [
          15.2,
          0.0,
          19.77
        ],
        "rotation": [
          0.0,
          38.0065727,
          0.0
        ],
        "localScale": [
          5.0,
          1.0,
          5.0
        ]
      },
      "point_list": [
        [
          11.6907692,
          19.33953,
          0.0
        ],
        [
          14.7695293,
          23.27923,
          0.0
        ],
        [
          18.70923,
          20.20047,
          0.0
        ],
        [
          15.63047,
          16.26077,
          0.0
        ]
      ]
    }
  ],
  "spawnAreas": [
    {
      "transform": {
        "position": [
          3.936777,
          0.5,
          11.4568672
        ],
        "rotation": [
          0.0,
          0.0,
          0.0
        ],
        "localScale": [
          2.0,
          1.0,
          2.0
        ]
      },
      "agent_count": 5,
      "remove_at_goal": true,
      "goal_list": [
        0
      ],
      "wait_list": [],
      "cycle_lenght": 0.0,
      "cycle_agent_count": 2,
      "cycle_remove_at_goal": true,
      "cycle_goal_list": [],
      "cycle_wait_list": []
    },
    {
      "transform": {
        "position": [
          3.61536217,
          0.5,
          19.20787
        ],
        "rotation": [
          0.0,
          0.0,
          0.0
        ],
        "localScale": [
          2.0,
          1.0,
          2.0
        ]
      },
      "agent_count": 3,
      "remove_at_goal": true,
      "goal_list": [
        1
      ],
      "wait_list": [],
      "cycle_lenght": 0.0,
      "cycle_agent_count": 2,
      "cycle_remove_at_goal": true,
      "cycle_goal_list": [],
      "cycle_wait_list": []
    }
  ],
  "loaded_models": [],
  "agents": [
    {
      "position": [
        4.63614559,
        0.0,
        11.59094
      ],
      "goal_list": [
        0
      ],
      "remove_goal_reach": true
    },
    {
      "position": [
        3.17875123,
        0.0,
        10.8192892
      ],
      "goal_list": [
        0
      ],
      "remove_goal_reach": true
    },
    {
      "position": [
        3.03991127,
        0.0,
        11.7420254
      ],
      "goal_list": [
        0
      ],
      "remove_goal_reach": true
    },
    {
      "position": [
        4.3083663,
        0.0,
        11.9351158
      ],
      "goal_list": [
        0
      ],
      "remove_goal_reach": true
    },
    {
      "position": [
        4.512147,
        0.0,
        11.8943062
      ],
      "goal_list": [
        0
      ],
      "remove_goal_reach": true
    },
    {
      "position": [
        4.174093,
        0.0,
        18.5466061
      ],
      "goal_list": [
        1
      ],
      "remove_goal_reach": true
    },
    {
      "position": [
        3.4169693,
        0.0,
        19.6984386
      ],
      "goal_list": [
        1
      ],
      "remove_goal_reach": true
    },
    {
      "position": [
        2.6729486,
        0.0,
        18.48412
      ],
      "goal_list": [
        1
      ],
      "remove_goal_reach": true
    }
  ],
  "auxins": []
}